{
    "timestamp": "2025-10-31 14:14:09",
    "feature_names": [
        "Gender",
        "Age",
        "Height",
        "Weight",
        "Duration",
        "Heart_Rate",
        "Body_Temp"
    ],
    "models": {
        "linear_regression": {
            "model_name": "Linear Regression",
            "r2_score": 0.9672937151257295,
            "mse": 131.99574575081695,
            "rmse": 11.488940149152878,
            "mae": 8.441513553849704
        },
        "random_forest": {
            "model_name": "Random Forest (Best)",
            "r2_score": 0.9980630163700014,
            "mse": 7.817262025682441,
            "rmse": 2.7959366991551224,
            "mae": 1.7856441693336473,
            "best_params": {
                "max_depth": 15,
                "min_samples_leaf": 2,
                "min_samples_split": 5,
                "n_estimators": 80
            },
            "best_cv_score": 0.9969855533728732
        }
    },
    "best_model": "random_forest"
}