{
    "timestamp": "2025-10-31 13:03:57",
    "feature_names": [
        "Gender",
        "Age",
        "Height",
        "Weight",
        "Duration",
        "Heart_Rate",
        "Body_Temp"
    ],
    "models": {
        "linear_regression": {
            "model_name": "Linear Regression",
            "r2_score": 0.9672937151257295,
            "mse": 131.99574575081695,
            "rmse": 11.488940149152878,
            "mae": 8.441513553849704
        },
        "random_forest": {
            "model_name": "Random Forest (Best)",
            "r2_score": 0.9982755248863191,
            "mse": 6.959621966666667,
            "rmse": 2.6381095440990823,
            "mae": 1.6838066666666667,
            "best_params": {
                "max_depth": null,
                "min_samples_leaf": 1,
                "min_samples_split": 2,
                "n_estimators": 200
            },
            "best_cv_score": 0.997268120019538
        }
    },
    "best_model": "random_forest"
}